--
-- PostgreSQL database dump
--

-- Dumped from database version 12.9 (Ubuntu 12.9-2.pgdg20.04+1)
-- Dumped by pg_dump version 12.9 (Ubuntu 12.9-2.pgdg20.04+1)

SET statement_timeout = 0;
SET lock_timeout = 0;
SET idle_in_transaction_session_timeout = 0;
SET client_encoding = 'UTF8';
SET standard_conforming_strings = on;
SELECT pg_catalog.set_config('search_path', '', false);
SET check_function_bodies = false;
SET xmloption = content;
SET client_min_messages = warning;
SET row_security = off;

DROP DATABASE universe;
--
-- Name: universe; Type: DATABASE; Schema: -; Owner: freecodecamp
--

CREATE DATABASE universe WITH TEMPLATE = template0 ENCODING = 'UTF8' LC_COLLATE = 'C.UTF-8' LC_CTYPE = 'C.UTF-8';


ALTER DATABASE universe OWNER TO freecodecamp;

\connect universe

SET statement_timeout = 0;
SET lock_timeout = 0;
SET idle_in_transaction_session_timeout = 0;
SET client_encoding = 'UTF8';
SET standard_conforming_strings = on;
SELECT pg_catalog.set_config('search_path', '', false);
SET check_function_bodies = false;
SET xmloption = content;
SET client_min_messages = warning;
SET row_security = off;

SET default_tablespace = '';

SET default_table_access_method = heap;

--
-- Name: galaxy; Type: TABLE; Schema: public; Owner: freecodecamp
--

CREATE TABLE public.galaxy (
    name character varying(30) NOT NULL,
    age integer,
    radius numeric(6,1),
    is_spherical boolean,
    galaxy_id integer NOT NULL
);


ALTER TABLE public.galaxy OWNER TO freecodecamp;

--
-- Name: moon; Type: TABLE; Schema: public; Owner: freecodecamp
--

CREATE TABLE public.moon (
    moon_id integer NOT NULL,
    name character varying(30) NOT NULL,
    planet_id integer,
    has_life integer,
    distance_from_earth integer
);


ALTER TABLE public.moon OWNER TO freecodecamp;

--
-- Name: moon_moon_id_seq; Type: SEQUENCE; Schema: public; Owner: freecodecamp
--

CREATE SEQUENCE public.moon_moon_id_seq
    AS integer
    START WITH 1
    INCREMENT BY 1
    NO MINVALUE
    NO MAXVALUE
    CACHE 1;


ALTER TABLE public.moon_moon_id_seq OWNER TO freecodecamp;

--
-- Name: moon_moon_id_seq; Type: SEQUENCE OWNED BY; Schema: public; Owner: freecodecamp
--

ALTER SEQUENCE public.moon_moon_id_seq OWNED BY public.moon.moon_id;


--
-- Name: more_info; Type: TABLE; Schema: public; Owner: freecodecamp
--

CREATE TABLE public.more_info (
    more_info_id integer NOT NULL,
    name character varying NOT NULL,
    description text
);


ALTER TABLE public.more_info OWNER TO freecodecamp;

--
-- Name: more_info_more_info_id_seq; Type: SEQUENCE; Schema: public; Owner: freecodecamp
--

CREATE SEQUENCE public.more_info_more_info_id_seq
    AS integer
    START WITH 1
    INCREMENT BY 1
    NO MINVALUE
    NO MAXVALUE
    CACHE 1;


ALTER TABLE public.more_info_more_info_id_seq OWNER TO freecodecamp;

--
-- Name: more_info_more_info_id_seq; Type: SEQUENCE OWNED BY; Schema: public; Owner: freecodecamp
--

ALTER SEQUENCE public.more_info_more_info_id_seq OWNED BY public.more_info.more_info_id;


--
-- Name: planet; Type: TABLE; Schema: public; Owner: freecodecamp
--

CREATE TABLE public.planet (
    planet_id integer NOT NULL,
    name character varying(30) NOT NULL,
    star_id integer,
    age_in_millions_of_years integer,
    is_spherical boolean
);


ALTER TABLE public.planet OWNER TO freecodecamp;

--
-- Name: planet_planet_id_seq; Type: SEQUENCE; Schema: public; Owner: freecodecamp
--

CREATE SEQUENCE public.planet_planet_id_seq
    AS integer
    START WITH 1
    INCREMENT BY 1
    NO MINVALUE
    NO MAXVALUE
    CACHE 1;


ALTER TABLE public.planet_planet_id_seq OWNER TO freecodecamp;

--
-- Name: planet_planet_id_seq; Type: SEQUENCE OWNED BY; Schema: public; Owner: freecodecamp
--

ALTER SEQUENCE public.planet_planet_id_seq OWNED BY public.planet.planet_id;


--
-- Name: star; Type: TABLE; Schema: public; Owner: freecodecamp
--

CREATE TABLE public.star (
    star_id integer NOT NULL,
    name character varying(30) NOT NULL,
    color text,
    temperature integer,
    is_spherical boolean,
    galaxy_id integer
);


ALTER TABLE public.star OWNER TO freecodecamp;

--
-- Name: star_star_id_seq; Type: SEQUENCE; Schema: public; Owner: freecodecamp
--

CREATE SEQUENCE public.star_star_id_seq
    AS integer
    START WITH 1
    INCREMENT BY 1
    NO MINVALUE
    NO MAXVALUE
    CACHE 1;


ALTER TABLE public.star_star_id_seq OWNER TO freecodecamp;

--
-- Name: star_star_id_seq; Type: SEQUENCE OWNED BY; Schema: public; Owner: freecodecamp
--

ALTER SEQUENCE public.star_star_id_seq OWNED BY public.star.star_id;


--
-- Name: moon moon_id; Type: DEFAULT; Schema: public; Owner: freecodecamp
--

ALTER TABLE ONLY public.moon ALTER COLUMN moon_id SET DEFAULT nextval('public.moon_moon_id_seq'::regclass);


--
-- Name: more_info more_info_id; Type: DEFAULT; Schema: public; Owner: freecodecamp
--

ALTER TABLE ONLY public.more_info ALTER COLUMN more_info_id SET DEFAULT nextval('public.more_info_more_info_id_seq'::regclass);


--
-- Name: planet planet_id; Type: DEFAULT; Schema: public; Owner: freecodecamp
--

ALTER TABLE ONLY public.planet ALTER COLUMN planet_id SET DEFAULT nextval('public.planet_planet_id_seq'::regclass);


--
-- Name: star star_id; Type: DEFAULT; Schema: public; Owner: freecodecamp
--

ALTER TABLE ONLY public.star ALTER COLUMN star_id SET DEFAULT nextval('public.star_star_id_seq'::regclass);


--
-- Data for Name: galaxy; Type: TABLE DATA; Schema: public; Owner: freecodecamp
--

INSERT INTO public.galaxy VALUES ('andromeda', 240, 57343.6, true, 1);
INSERT INTO public.galaxy VALUES ('Magenta', 270, 573.6, true, 2);
INSERT INTO public.galaxy VALUES ('Cygnus', 540, 362.0, false, 3);
INSERT INTO public.galaxy VALUES ('Milky Way', 840, 9403.0, false, 4);
INSERT INTO public.galaxy VALUES ('Virgo', 9075, 79064.0, true, 5);
INSERT INTO public.galaxy VALUES ('Maffei 1', 440, 343.3, true, 6);


--
-- Data for Name: moon; Type: TABLE DATA; Schema: public; Owner: freecodecamp
--

INSERT INTO public.moon VALUES (1, 'new moon', 1, 20, 20000);
INSERT INTO public.moon VALUES (2, 'Waxing crescent', 1, 45, 50000);
INSERT INTO public.moon VALUES (3, 'full moon', 2, 67, 780000);
INSERT INTO public.moon VALUES (4, 'quater moon', 4, 84, 7584);
INSERT INTO public.moon VALUES (5, 'first quater  moon', 5, 864, 74);
INSERT INTO public.moon VALUES (6, 'waxing Gibbous', 2, 533, 5456);
INSERT INTO public.moon VALUES (7, 'waning  Gibbous', 2, 313, 556);
INSERT INTO public.moon VALUES (8, 'Gibbous', 3, 333, 765);
INSERT INTO public.moon VALUES (9, 'waning crescent', 4, 420, 652);
INSERT INTO public.moon VALUES (10, 'warm moon', 4, 4780, 527);
INSERT INTO public.moon VALUES (11, 'pink moon', 4, 480, 275);
INSERT INTO public.moon VALUES (12, 'flower moon', 4, 733, 745);
INSERT INTO public.moon VALUES (13, 'strawberry moon', 5, 893, 572);
INSERT INTO public.moon VALUES (14, 'strugoon moon', 6, 193, 264);
INSERT INTO public.moon VALUES (15, 'buck moon', 7, 209, 482);
INSERT INTO public.moon VALUES (16, 'full corn  moon', 9, 593, 729);
INSERT INTO public.moon VALUES (17, 'hunters moon', 10, 93, 29);
INSERT INTO public.moon VALUES (18, 'cold moon', 11, 813, 296);
INSERT INTO public.moon VALUES (19, 'harvest moon', 12, 131, 603);
INSERT INTO public.moon VALUES (20, 'Beaver moon', 12, 618, 531);


--
-- Data for Name: more_info; Type: TABLE DATA; Schema: public; Owner: freecodecamp
--

INSERT INTO public.more_info VALUES (1, 'sun', 'The sun sulvation');
INSERT INTO public.more_info VALUES (2, 'moon', 'The natural satelite of earth');
INSERT INTO public.more_info VALUES (3, 'earth', 'the planet in which we live');


--
-- Data for Name: planet; Type: TABLE DATA; Schema: public; Owner: freecodecamp
--

INSERT INTO public.planet VALUES (1, 'Mercury', 1, 374, true);
INSERT INTO public.planet VALUES (2, 'venus', 2, 685, true);
INSERT INTO public.planet VALUES (3, 'earth', 3, 784, false);
INSERT INTO public.planet VALUES (4, 'Mars', 4, 844, true);
INSERT INTO public.planet VALUES (5, 'Saturn', 4, 786, false);
INSERT INTO public.planet VALUES (6, 'Uranus', 5, 76, false);
INSERT INTO public.planet VALUES (7, 'pluto', 5, 906, true);
INSERT INTO public.planet VALUES (8, 'jupiter', 6, 83, false);
INSERT INTO public.planet VALUES (9, 'neptune', 6, 91, false);
INSERT INTO public.planet VALUES (10, 'sun', 2, 4342, true);
INSERT INTO public.planet VALUES (11, 'dragon', 3, 542, true);
INSERT INTO public.planet VALUES (12, 'Doritos', 3, 265, false);


--
-- Data for Name: star; Type: TABLE DATA; Schema: public; Owner: freecodecamp
--

INSERT INTO public.star VALUES (1, 'Altair', 'Blue', 45, true, 1);
INSERT INTO public.star VALUES (2, 'Polaris', 'Yellow', 84, false, 2);
INSERT INTO public.star VALUES (3, 'Sun', 'White', 193, false, 3);
INSERT INTO public.star VALUES (4, 'Altares', 'Red', 13, true, 3);
INSERT INTO public.star VALUES (5, 'Onix', 'Pink', 136, true, 4);
INSERT INTO public.star VALUES (6, 'Sirius', 'Purple', 78, true, 6);


--
-- Name: moon_moon_id_seq; Type: SEQUENCE SET; Schema: public; Owner: freecodecamp
--

SELECT pg_catalog.setval('public.moon_moon_id_seq', 1, false);


--
-- Name: more_info_more_info_id_seq; Type: SEQUENCE SET; Schema: public; Owner: freecodecamp
--

SELECT pg_catalog.setval('public.more_info_more_info_id_seq', 1, false);


--
-- Name: planet_planet_id_seq; Type: SEQUENCE SET; Schema: public; Owner: freecodecamp
--

SELECT pg_catalog.setval('public.planet_planet_id_seq', 1, false);


--
-- Name: star_star_id_seq; Type: SEQUENCE SET; Schema: public; Owner: freecodecamp
--

SELECT pg_catalog.setval('public.star_star_id_seq', 1, false);


--
-- Name: galaxy galaxy_pkey; Type: CONSTRAINT; Schema: public; Owner: freecodecamp
--

ALTER TABLE ONLY public.galaxy
    ADD CONSTRAINT galaxy_pkey PRIMARY KEY (galaxy_id);


--
-- Name: moon moon_pkey; Type: CONSTRAINT; Schema: public; Owner: freecodecamp
--

ALTER TABLE ONLY public.moon
    ADD CONSTRAINT moon_pkey PRIMARY KEY (moon_id);


--
-- Name: more_info more_info_name_key; Type: CONSTRAINT; Schema: public; Owner: freecodecamp
--

ALTER TABLE ONLY public.more_info
    ADD CONSTRAINT more_info_name_key UNIQUE (name);


--
-- Name: more_info more_info_pkey; Type: CONSTRAINT; Schema: public; Owner: freecodecamp
--

ALTER TABLE ONLY public.more_info
    ADD CONSTRAINT more_info_pkey PRIMARY KEY (more_info_id);


--
-- Name: planet planet_pkey; Type: CONSTRAINT; Schema: public; Owner: freecodecamp
--

ALTER TABLE ONLY public.planet
    ADD CONSTRAINT planet_pkey PRIMARY KEY (planet_id);


--
-- Name: star star_pkey; Type: CONSTRAINT; Schema: public; Owner: freecodecamp
--

ALTER TABLE ONLY public.star
    ADD CONSTRAINT star_pkey PRIMARY KEY (star_id);


--
-- Name: galaxy uk_cons; Type: CONSTRAINT; Schema: public; Owner: freecodecamp
--

ALTER TABLE ONLY public.galaxy
    ADD CONSTRAINT uk_cons UNIQUE (galaxy_id);


--
-- Name: planet uk_constra; Type: CONSTRAINT; Schema: public; Owner: freecodecamp
--

ALTER TABLE ONLY public.planet
    ADD CONSTRAINT uk_constra UNIQUE (planet_id);


--
-- Name: star uk_constrai; Type: CONSTRAINT; Schema: public; Owner: freecodecamp
--

ALTER TABLE ONLY public.star
    ADD CONSTRAINT uk_constrai UNIQUE (star_id);


--
-- Name: moon uk_constrain; Type: CONSTRAINT; Schema: public; Owner: freecodecamp
--

ALTER TABLE ONLY public.moon
    ADD CONSTRAINT uk_constrain UNIQUE (moon_id);


--
-- Name: moon moon_planet_id_fkey; Type: FK CONSTRAINT; Schema: public; Owner: freecodecamp
--

ALTER TABLE ONLY public.moon
    ADD CONSTRAINT moon_planet_id_fkey FOREIGN KEY (planet_id) REFERENCES public.planet(planet_id);


--
-- Name: planet planet_star_id_fkey; Type: FK CONSTRAINT; Schema: public; Owner: freecodecamp
--

ALTER TABLE ONLY public.planet
    ADD CONSTRAINT planet_star_id_fkey FOREIGN KEY (star_id) REFERENCES public.star(star_id);


--
-- Name: star star_galaxy_id_fkey; Type: FK CONSTRAINT; Schema: public; Owner: freecodecamp
--

ALTER TABLE ONLY public.star
    ADD CONSTRAINT star_galaxy_id_fkey FOREIGN KEY (galaxy_id) REFERENCES public.galaxy(galaxy_id);


--
-- PostgreSQL database dump complete
--

